{"cameraMode":{"drawMode":0,"name":"Shaded","section":"Shading Mode"},"sceneLighting":false,"audioPlay":false,"sceneViewState":{"m_AlwaysRefresh":false,"showFog":false,"showSkybox":false,"showFlares":false,"showImageEffects":false,"showParticleSystems":false,"showVisualEffectGraphs":true,"m_FxEnabled":true},"in2DMode":false,"pivot":{"x":283.8883972167969,"y":-11.515202522277832,"z":-13.81768798828125},"rotation":{"x":-0.018428944051265718,"y":0.24924412369728089,"z":-0.004631794523447752,"w":-0.9683696627616882},"size":214.32591247558595,"orthographic":true}