{"cameraMode":{"drawMode":0,"name":"Shaded","section":"Shading Mode"},"sceneLighting":false,"audioPlay":false,"sceneViewState":{"m_AlwaysRefresh":false,"showFog":false,"showSkybox":false,"showFlares":false,"showImageEffects":false,"showParticleSystems":false,"showVisualEffectGraphs":true,"m_FxEnabled":true},"in2DMode":false,"pivot":{"x":565.2608032226563,"y":386.9039611816406,"z":-0.5060304403305054},"rotation":{"x":0.039491500705480579,"y":0.01397555973380804,"z":-0.0006072326214052737,"w":0.9992711544036865},"size":154.29397583007813,"orthographic":true}