{"cameraMode":{"drawMode":0,"name":"Shaded","section":"Shading Mode"},"sceneLighting":false,"audioPlay":false,"sceneViewState":{"m_AlwaysRefresh":false,"showFog":false,"showSkybox":false,"showFlares":false,"showImageEffects":false,"showParticleSystems":false,"showVisualEffectGraphs":true,"m_FxEnabled":true},"in2DMode":false,"pivot":{"x":659.0579223632813,"y":258.5798645019531,"z":7.013258457183838},"rotation":{"x":0.09472771733999253,"y":-0.024387270212173463,"z":0.0023205187171697618,"w":0.9952050447463989},"size":739.5883178710938,"orthographic":true}