{"cameraMode":{"drawMode":0,"name":"Shaded","section":"Shading Mode"},"sceneLighting":false,"audioPlay":false,"sceneViewState":{"m_AlwaysRefresh":false,"showFog":false,"showSkybox":false,"showFlares":false,"showImageEffects":false,"showParticleSystems":false,"showVisualEffectGraphs":true,"m_FxEnabled":true},"in2DMode":false,"pivot":{"x":193.2107391357422,"y":234.75814819335938,"z":-14.33184814453125},"rotation":{"x":0.049479443579912189,"y":0.0044945236295461658,"z":-0.0002226120122941211,"w":0.9987677335739136},"size":221.0746612548828,"orthographic":true}